{"schemaVersion":"1.0","appDefinitionTemplate":{"id":"/providers/Microsoft.PowerApps/apps/","type":"Microsoft.PowerApps/apps","tags":{"primaryDeviceWidth":"1920","primaryDeviceHeight":"1080","supportsPortrait":"true","supportsLandscape":"true","primaryFormFactor":"Tablet","showStatusBar":"false","publisherVersion":"3.24082.13","minimumRequiredApiVersion":"2.2.0","hasComponent":"false","hasUnlockedComponent":"false","isUnifiedRootApp":"false","sienaVersion":"20240903T125644Z-3.24082.13.0"},"properties":{"appVersion":"2024-09-03T12:56:44Z","lifeCycleId":"Published","createdByClientVersion":{"major":3,"minor":24082,"build":13,"revision":0,"majorRevision":0,"minorRevision":0},"minClientVersion":{"major":3,"minor":24082,"build":13,"revision":0,"majorRevision":0,"minorRevision":0},"backgroundColor":"RGBA(0,176,240,1)","backgroundImageUri":"/1170729184593168961/N42b307c3-71fe-4fb3-8b8a-098bc4300f85-logoSmallFile","displayName":"Hello World","description":"","commitMessage":"","appUris":{"documentUri":{"value":"/1170729184593168961/N29bd04e0-d155-47e2-bbaa-ed10dfc4343b-document.msapp"},"imageUris":[],"additionalUris":[{"isSolutionAware":false,"value":"/1170729184593168961/N0c852c4a-1469-40a2-83e0-ecce20efcfb6-identity.json"}]},"createdTime":"0001-01-01T00:00:00Z","lastModifiedTime":"0001-01-01T00:00:00Z","sharedGroupsCount":0,"sharedUsersCount":0,"connectionReferences":{"ae340f1b-4005-4b36-82da-04cb1a3a2b27":{"id":"cb30a0bd-de34-4061-9c59-7bc9c3a7d7b6","displayName":"Office 365 Users","iconUri":"https://connectoricons-prod.azureedge.net/releases/v1.0.1702/1.0.1702.3810/office365users/icon.png","dataSources":["Office365Users"],"dependencies":[],"dependents":[],"parameterHints":{},"parameterHintsV2":{},"isOnPremiseConnection":false,"bypassConsent":false,"dataSets":{},"apiTier":"Standard","isCustomApiConnection":false},"628120fd-90d2-4ff0-ab41-bba4d4e12f99":{"id":"7d316615-1998-444e-9ae7-a043ba56384f","displayName":"SharePoint","iconUri":"https://connectoricons-prod.azureedge.net/u/jayawan/releases/v1.0.1697/1.0.1697.3786/sharepointonline/icon.png","dataSources":["TechX Room Booking","Employee Subset","Employee Details"],"dependencies":[],"dependents":[],"parameterHints":{},"parameterHintsV2":{},"isOnPremiseConnection":false,"bypassConsent":false,"dataSets":{"https://kpmgus-my.sharepoint.com/personal/saketlakhotia1_kpmg_com":{"dataSources":{"TechX Room Booking":{"tableName":"d7f71741-d396-46eb-bc63-e0621b6eba12"},"Employee Subset":{"tableName":"023660d3-dfc5-4f59-9aa4-768eba9b9afc"},"Employee Details":{"tableName":"d8e8218a-40c1-4dd7-b0e6-f725b3fcd2fc"}}}},"apiTier":"Standard","isCustomApiConnection":false,"actions":["providers/PowerPlatform.Governance/Operations/Read","providers/PowerPlatform.Governance/Operations/Write"]}},"databaseReferences":{},"almMode":"Environment","performanceOptimizationEnabled":false,"canConsumeAppPass":false,"enableModernRuntimeMode":false,"executionRestrictions":{"isTeamsOnly":false,"dataLossPreventionEvaluationResult":{"status":"Compliant","lastEvaluationDate":"2024-08-30T08:25:33.0138954Z","violations":[],"violationsByPolicy":[],"violationErrorMessage":"The app uses the following connectors: ."}}},"appType":"ClassicCanvasApp","appComponents":[]}}